{"cameraMode":{"drawMode":0,"name":"Shaded","section":"Shading Mode"},"sceneLighting":true,"audioPlay":false,"sceneViewState":{"showFog":true,"showMaterialUpdate":false,"showSkybox":true,"showFlares":true,"showImageEffects":true,"showParticleSystems":true},"in2DMode":false,"pivot":{"x":290.13751220703127,"y":309.09503173828127,"z":196.6871337890625},"rotation":{"x":0.277087926864624,"y":-0.018734734505414964,"z":0.005422326270490885,"w":0.9606736302375794},"size":1155.8162841796875,"orthographic":false}